CREATE DATABASE task2;
USE task2;

CREATE TABLE s
( p VARCHAR(2),
  p_name VARCHAR(20),
  p_status INT,
  p_city VARCHAR(20),
  PRIMARY KEY (p)
);

INSERT s(p,p_name,p_status,p_city)
VALUES ('П1','Петров',20 ,'Москва'),
	   ('П2','Синицин',10 ,'Таллинн'),
	   ('П3','Федоров',30 ,'Таллинн'),
	   ('П4','Чаянов',20 ,'Минск'),
	   ('П5','Крюков',30 ,'Киев');

CREATE TABLE p
( d VARCHAR(2),
  d_name VARCHAR(20),
  d_color VARCHAR(20),
  d_size INT,
  d_city VARCHAR(20),
  PRIMARY KEY (d)
);

INSERT p(d,d_name,d_color,d_size,d_city)
VALUES ('Д1','Болт','Красный',12 ,'Москва'),
	   ('Д2','Гайка','Зеленая',17 ,'Минск'),
	   ('Д3','Диск','Черный',17 ,'Вильнюс'),
	   ('Д4','Диск','Черный',14 ,'Москва'),
	   ('Д5','Корпус','Красный',12 ,'Минск'),
	   ('Д6','Крышки','Красный',19 ,'Москва');

CREATE TABLE j
( pr VARCHAR(3),
  pr_name VARCHAR(20),
  pr_city VARCHAR(20),
  PRIMARY KEY (pr)
);

INSERT j(pr,pr_name,pr_city)
VALUES ('ПР1','ИПР1','Минск'),
	   ('ПР2','ИПР2','Таллинн'),
	   ('ПР3','ИПР3','Псков'),
	   ('ПР4','ИПР4','Псков'),
	   ('ПР5','ИПР5','Москва'),
	   ('ПР6','ИПР6','Саратов'),
       ('ПР7','ИПР7','Москва');

CREATE TABLE spj
( p VARCHAR(2),
  d VARCHAR(2),
  pr VARCHAR(3),
  s INT,
  PRIMARY KEY (p,d,pr)
);

INSERT spj(p,d,pr,s)
VALUES ('П2','Д3','ПР3',200),
	   ('П2','Д3','ПР4',500),
	   ('П2','Д3','ПР5',600),
	   ('П2','Д3','ПР6',400),
	   ('П2','Д3','ПР7',800),
	   ('П2','Д5','ПР2',100),
       ('П3','Д3','ПР1',200),
       ('П3','Д4','ПР2',500),
       ('П4','Д6','ПР3',300),
       ('П4','Д6','ПР7',300),
       ('П5','Д2','ПР2',200),
       ('П5','Д2','ПР4',100),
       ('П5','Д5','ПР5',500),
       ('П5','Д5','ПР7',100),
       ('П5','Д6','ПР2',200),
       ('П5','Д1','ПР2',100),
       ('П5','Д3','ПР4',200),
       ('П5','Д4','ПР4',800),
       ('П5','Д5','ПР4',400),
       ('П5','Д6','ПР4',500);
